Value,Min,Avg,Max
   A,43.95876007,23.96412954,11.96045498
   B,49.39736065,19.76917259,11.69000442
   C,23.48401323,7.166409323,6.768421627
   D,42.73818185,21.61212988,20.3451212
   E,31.58289933,5.600906648,4.408834729
   F,22.4,23.9688806,52.9911194
   G,23.14280851,1.926880169,1.200311323
   H,8.379483822,19.73445881,15.60660889
