Value,Low,Min,Avg,Max
   A,66.600875,12.39560749,1,5.170184176
   B,36.69040029,14.72308604,1,13.31149028
   C,51.32016262,18.61383104,1,48.35600634
   D,2.034034371,10.09479821,1,10.17427546
   E,16.61948225,5.870700125,1,9.210853989
   F,34,34.11666667,1,30.88333333
   G,12.61126302,21.07776325,1,24.2337993
   H,36.01819728,30.78438919,1,25.37375567
